"Ticker","Period","Date","Open","High","Low","Close","Volume"
"ABT","Week","Aug 22, 2023",103.77999877929688,105.52999877929688,103.36000061035156,105.1500015258789,7795180
"ABT","Week","Aug 18, 2023",105.13999938964844,106.22000122070312,103.27999877929688,103.70999908447266,19298260
"ABT","Week","Aug 11, 2023",107.98999786376953,108.58999633789062,103.66999816894531,105.30999755859375,24498895
"ABT","Week","Aug 4, 2023",112.8499984741211,112.88999938964844,107.13999938964844,107.6500015258789,20545751
"ABT","Week","Jul 28, 2023",113.18000030517578,113.5199966430664,112.31999969482422,112.7300033569336,3409325
"ABT","Week","Jul 21, 2023",107.54000091552734,114.79000091552734,105.95999908447266,114.29000091552734,30552391
"ABT","Week","Jul 14, 2023",106.58000183105469,108.47000122070312,106.29000091552734,107.93000030517578,22957239
"ABT","Week","Jul 7, 2023",108.25,108.4800033569336,106.06999969482422,106.3499984741211,17615702
"ABT","Week","Jun 30, 2023",108.0999984741211,109.33999633789062,106.7699966430664,109.0199966430664,22751190
"ABT","Week","Jun 23, 2023",105.19999694824219,108.5,104.9000015258789,108.05000305175781,22129573
"ABT","Week","Jun 16, 2023",101.83999633789062,106.56999969482422,100.79000091552734,106.19999694824219,29691833
"ABT","Week","Jun 9, 2023",104.05999755859375,105.00499725341797,100.54000091552734,101.69000244140625,23469607
"ABT","Week","Jun 2, 2023",102.25,104.5,100.37999725341797,104.19999694824219,22860548
"ABT","Week","May 26, 2023",108.68000030517578,109.31999969482422,101.34300231933594,102.87000274658203,23301408
"ABT","Week","May 19, 2023",108.9800033569336,109.97899627685547,108.4000015258789,108.93000030517578,4487698
"ABT","Week","May 12, 2023",110.46,111.58,109.26,110.49,16053543
"ABT","Week","May 5, 2023",110.46,112.95,109.93,111.26,22418894
"ABT","Week","Apr 28, 2023",111.75,111.75,107.67,110.47,24312027
"ABT","Week","Apr 21, 2023",110.88,112.12,110.88,111.66,6301173
"ABT","Week","Apr 14, 2023",103.61,104.35,103.46,103.96,5043723
"ABT","Week","Mar 31, 2023",99.,101.41,96.61,101.26,27865192
"ABT","Week","Mar 24, 2023",97.04,98.08,96.81,98.05,5269219
"ABT","Week","Mar 17, 2023",96.6,99.5,96.39,97.01,33497064
"ABT","Week","Mar 10, 2023",104.51,104.6,96.56,96.96,29795438
"ABT","Week","Mar 3, 2023",101.28,104.51,99.66,104.45,26522962
"ABT","Week","Feb 24, 2023",101.45,101.8,99.89,100.46,5476807
"ABT","Week","Feb 17, 2023",108.32,109.14,105.49,106.74,18878582
"ABT","Week","Feb 10, 2023",111.57,112.41,107.51,108.16,19868578
"ABT","Week","Feb 3, 2023",109.81,112.37,108.87,111.79,23471835
"ABT","Week","Jan 27, 2023",112.43,114.7,109.59,109.95,25868712
"ABT","Week","Jan 20, 2023",113.5,114.28,110.59,112.82,21235486
"ABT","Week","Jan 13, 2023",113.52,115.69,110.89,113.51,28266206
"ABT","Week","Jan 6, 2023",110.51,112.74,108.75,112.33,17265041
"ABT","Week","Dec 30, 2022",108.35,110.76,107.38,109.79,12711417
"ABT","Week","Dec 23, 2022",106.74,108.4,105.61,108.18,17183359
"ABT","Week","Dec 16, 2022",107.73,112.91,105.78,106.91,29537317
"ABT","Week","Dec 9, 2022",106.89,108.47,103.13,107.51,22409570
"ABT","Week","Dec 2, 2022",106.72,108.65,103.44,108.09,31739883
"ABT","Week","Nov 25, 2022",103.73,107.35,102.87,106.96,15836246
"ABT","Week","Nov 18, 2022",103.67,105.3,101.55,103.87,21393926
"ABT","Week","Nov 11, 2022",98.78,105.91,98.13,104.09,28965907
"ABT","Week","Nov 4, 2022",99.13,101.23,95.35,98.07,26108226
"ABT","Week","Oct 28, 2022",96.05,100.02,95.9,99.49,35901864
"ABT","Week","Oct 21, 2022",102.12,106.67,93.25,95.06,57295066
"ABT","Week","Oct 14, 2022",102.12,103.92,97.68,100.91,25794033
"ABT","Week","Oct 7, 2022",97.8,105.09,97.4,101.79,29165897
"ABT","Week","Sep 30, 2022",100.18,100.73,96.67,96.76,33049918
"ABT","Week","Sep 23, 2022",103.25,104.11,98.81,100.68,24936262
"ABT","Week","Sep 16, 2022",108.78,109.67,103.41,104.,26058335
"ABT","Week","Sep 9, 2022",102.5,109.07,102.24,108.48,24253272
"ABT","Week","Sep 2, 2022",101.5,105.65,101.21,102.5,24961640
"ABT","Week","Aug 26, 2022",108.97,109.31,101.63,101.9,22668060
"ABT","Week","Aug 19, 2022",111.31,112.53,108.79,110.06,18137073
"ABT","Week","Aug 12, 2022",109.79,112.13,107.55,111.48,16283115
"ABT","Week","Aug 5, 2022",108.38,110.9,108.11,109.25,16415850
"ABT","Week","Jul 29, 2022",109.09,111.35,107.46,108.84,21692257
"ABT","Week","Jul 22, 2022",108.56,112.,106.7,109.2,28020476
"ABT","Week","Jul 15, 2022",108.6,110.37,103.76,108.82,24496616
"ABT","Week","Jul 8, 2022",108.74,109.92,107.2,109.26,15992359
"ABT","Week","Jul 1, 2022",109.9,110.47,106.74,110.22,21914544
"ABT","Week","Jun 24, 2022",104.86,109.64,103.29,109.45,30216607
"ABT","Week","Jun 17, 2022",107.68,108.1,101.24,102.53,31426563
"ABT","Week","Jun 10, 2022",117.38,118.23,109.1,109.63,19406207
"ABT","Week","Jun 3, 2022",115.56,118.09,113.23,116.57,23088623
"ABT","Week","May 27, 2022",113.85,116.92,111.83,116.69,21464026
"ABT","Week","May 20, 2022",109.4,115.43,107.81,113.24,34379345
"ABT","Week","May 13, 2022",110.69,111.2,104.63,109.88,34037887
"ABT","Week","May 6, 2022",113.5,116.33,110.28,112.27,25414312
"ABT","Week","Apr 29, 2022",119.16,120.31,113.13,113.5,23824520
"ABT","Week","Apr 22, 2022",117.02,124.35,115.54,119.64,31602158
"ABT","Week","Apr 14, 2022",123.48,123.5,117.25,117.69,16051814
"ABT","Week","Apr 8, 2022",117.87,124.36,117.57,123.25,26596348
"ABT","Week","Apr 1, 2022",119.38,122.07,117.26,118.58,24288774
"ABT","Week","Mar 25, 2022",121.93,123.1,116.61,118.95,21673007
"ABT","Week","Mar 18, 2022",114.9,122.67,114.58,122.45,26833258
"ABT","Week","Mar 11, 2022",120.54,120.89,113.88,114.02,30721157
"ABT","Week","Mar 4, 2022",121.05,122.07,117.38,121.41,31080604
"ABT","Week","Feb 25, 2022",116.54,122.93,114.43,122.41,25647432
"ABT","Week","Feb 18, 2022",125.,125.57,114.84,116.79,33874497
"ABT","Week","Feb 11, 2022",129.87,130.79,125.15,125.49,22081264
"ABT","Week","Feb 4, 2022",125.52,130.93,125.13,129.71,30025884
"ABT","Week","Jan 28, 2022",124.01,125.53,119.,125.35,52215031
"ABT","Week","Jan 21, 2022",127.4,127.93,124.61,125.83,28632489
"ABT","Week","Jan 14, 2022",134.79,135.97,127.02,128.16,36532469
"ABT","Week","Jan 7, 2022",139.43,139.83,133.88,135.56,30959737
"ABT","Week","Dec 31, 2021",139.82,142.6,139.33,140.74,16031203
"ABT","Week","Dec 23, 2021",136.2,140.23,133.4,139.16,23916180
"ABT","Week","Dec 17, 2021",134.5,139.27,132.,137.11,38850884
"ABT","Week","Dec 10, 2021",130.76,134.5,130.61,134.37,24170055
"ABT","Week","Dec 3, 2021",126.35,130.46,125.12,130.27,28080963
"ABT","Week","Nov 26, 2021",126.78,129.75,123.22,125.88,17480316
"ABT","Week","Nov 19, 2021",128.77,131.6,126.46,126.84,24801835
"ABT","Week","Nov 12, 2021",124.,128.96,123.81,128.45,26936375
"ABT","Week","Nov 5, 2021",128.63,129.53,123.93,124.37,29341235
"ABT","Week","Oct 29, 2021",126.49,129.4,125.39,128.89,20887714
"ABT","Week","Oct 22, 2021",117.29,126.84,116.3,126.72,30284296
"ABT","Week","Oct 15, 2021",118.15,118.94,116.41,117.49,23398721
"ABT","Week","Oct 8, 2021",116.61,119.33,114.4,118.39,27339912
"ABT","Week","Oct 1, 2021",123.33,123.5,115.1,117.21,29807160
"ABT","Week","Sep 24, 2021",125.6,126.78,123.81,124.37,23941824
"ABT","Week","Sep 17, 2021",129.67,129.7,124.81,126.79,28175085
"ABT","Week","Sep 10, 2021",128.12,129.52,127.05,128.8,14561309
"ABT","Week","Sep 3, 2021",124.53,129.4,124.36,128.94,18693639
"ABT","Week","Aug 27, 2021",126.67,127.3,124.17,124.59,20318284
"ABT","Week","Aug 20, 2021",123.69,126.98,123.33,126.32,22567116
"ABT","Week","Aug 13, 2021",122.39,123.56,121.,123.06,18811726
"ABT","Week","Aug 6, 2021",121.5,122.65,120.18,122.17,17664316
"ABT","Week","Jul 30, 2021",120.24,121.42,118.38,120.98,22996594
"ABT","Week","Jul 23, 2021",116.98,121.1,115.86,120.8,27398001
"ABT","Week","Jul 16, 2021",118.81,119.69,116.27,117.51,22182209
"ABT","Week","Jul 9, 2021",118.,120.24,117.76,119.74,17371737
"ABT","Week","Jul 2, 2021",112.99,118.84,112.74,118.04,33089380
"ABT","Week","Jun 25, 2021",110.25,113.49,109.73,112.72,34088171
"ABT","Week","Jun 18, 2021",110.08,111.99,109.63,110.33,32138707
"ABT","Week","Jun 11, 2021",109.98,110.88,107.6,109.91,44418105
"ABT","Week","Jun 4, 2021",110.15,111.3,105.36,109.29,63654318
"ABT","Week","May 28, 2021",118.04,119.24,115.61,116.65,29665687
"ABT","Week","May 21, 2021",118.,118.95,115.15,117.13,18049428
"ABT","Week","May 14, 2021",119.2,119.94,116.25,118.31,22509740
"ABT","Week","May 7, 2021",120.55,120.66,116.43,118.95,28154080
"ABT","Week","Apr 30, 2021",123.39,123.4,119.35,120.08,20180957
"ABT","Week","Apr 23, 2021",123.6,125.42,119.01,123.31,35395686
"ABT","Week","Apr 16, 2021",120.56,124.68,120.48,124.35,23341240
"ABT","Week","Apr 9, 2021",119.65,122.01,119.08,120.9,23645368
"ABT","Week","Apr 1, 2021",121.,122.74,118.78,118.94,19672611
"ABT","Week","Mar 26, 2021",120.26,122.3,117.24,122.07,25660305
"ABT","Week","Mar 19, 2021",117.19,120.99,116.54,120.25,27848068
"ABT","Week","Mar 12, 2021",117.,119.34,115.32,116.71,25377872
"ABT","Week","Mar 5, 2021",120.99,123.1,114.74,117.25,25566152
"ABT","Week","Feb 26, 2021",122.95,123.18,119.66,119.78,23202331
"ABT","Week","Feb 19, 2021",128.49,128.5,122.67,123.04,19975295
"ABT","Week","Feb 12, 2021",125.,128.54,123.61,128.23,18432565
"ABT","Week","Feb 5, 2021",123.24,124.82,118.79,124.03,30787700
"ABT","Week","Jan 29, 2021",113.06,124.72,113.01,123.59,40228160
"ABT","Week","Jan 22, 2021",111.74,113.54,110.26,112.84,18964626
"ABT","Week","Jan 15, 2021",111.21,112.9,108.25,111.3,23873750
"ABT","Week","Jan 8, 2021",109.53,112.55,107.25,111.61,25866019
"ABT","Week","Dec 31, 2020",108.96,109.64,107.26,109.49,10267421
"ABT","Week","Dec 24, 2020",107.56,109.68,105.37,108.35,12572105
"ABT","Week","Dec 18, 2020",107.5,109.61,106.4,108.97,30559685
"ABT","Week","Dec 11, 2020",107.72,108.3,105.32,107.02,28861665
"ABT","Week","Dec 4, 2020",107.77,109.6,106.93,107.9,21945940
"ABT","Week","Nov 27, 2020",111.43,111.52,105.63,107.62,19626449
"ABT","Week","Nov 20, 2020",112.05,114.62,109.26,110.89,20107056
"ABT","Week","Nov 13, 2020",111.8,113.21,106.19,112.6,29964974
"ABT","Week","Nov 6, 2020",107.09,115.14,106.11,114.42,27982744
"ABT","Week","Oct 30, 2020",107.57,109.75,103.13,105.11,27593208
"ABT","Week","Oct 23, 2020",109.9,111.04,104.75,107.79,22345319
"ABT","Week","Oct 16, 2020",110.25,111.57,106.31,109.67,21050030
"ABT","Week","Oct 9, 2020",107.18,109.97,106.05,109.65,18988022
"ABT","Week","Oct 2, 2020",104.24,110.33,103.82,106.5,32305810
"ABT","Week","Sep 25, 2020",105.8,106.46,100.34,103.45,25444550
"ABT","Week","Sep 18, 2020",105.59,107.99,104.39,106.86,23629664
"ABT","Week","Sep 11, 2020",103.17,106.93,102.43,104.7,17965287
"ABT","Week","Sep 4, 2020",110.7,111.74,102.42,104.16,31879509
"ABT","Week","Aug 28, 2020",102.7,114.19,100.7,110.79,62331245
"ABT","Week","Aug 21, 2020",100.3,102.54,99.75,102.4,18285878
"ABT","Week","Aug 14, 2020",100.94,101.27,98.67,99.99,15961064
"ABT","Week","Aug 7, 2020",101.08,102.36,99.28,101.23,17902669
"ABT","Week","Jul 31, 2020",98.55,102.89,98.41,100.64,20357719
"ABT","Week","Jul 24, 2020",100.,101.98,97.76,98.95,25845208
"ABT","Week","Jul 17, 2020",93.14,100.,91.71,99.25,30547569
"ABT","Week","Jul 10, 2020",92.76,94.88,91.5,93.04,20623955
"ABT","Week","Jul 2, 2020",89.58,93.06,88.09,92.23,17125830
"ABT","Week","Jun 26, 2020",90.33,92.3,86.16,88.71,29675915
"ABT","Week","Jun 19, 2020",87.52,92.4,87.05,90.68,31645284
"ABT","Week","Jun 12, 2020",88.98,92.82,86.94,89.02,29872164
"ABT","Week","Jun 5, 2020",92.95,93.96,87.32,89.86,40892541
"ABT","Week","May 29, 2020",92.95,95.59,88.17,94.92,27122706
"ABT","Week","May 22, 2020",91.9,93.,88.03,91.47,34163817
"ABT","Week","May 15, 2020",93.22,96.68,88.79,89.89,46044347
"ABT","Week","May 8, 2020",89.79,94.94,88.71,93.7,29460521
"ABT","Week","May 1, 2020",95.48,95.9,88.75,89.85,36530070
"ABT","Week","Apr 24, 2020",94.82,100.,92.78,94.06,57237665
"ABT","Week","Apr 17, 2020",86.32,97.75,83.52,96.01,73766425
"ABT","Week","Apr 9, 2020",81.08,86.5,79.61,86.04,42986982
"ABT","Week","Apr 3, 2020",82.83,84.4,75.35,79.45,102848104
"ABT","Week","Mar 27, 2020",67.07,77.5,61.61,74.56,52198803
"ABT","Week","Mar 20, 2020",70.65,81.99,67.95,68.,74822811
"ABT","Week","Mar 13, 2020",76.61,82.67,72.01,81.65,63430344
"ABT","Week","Mar 6, 2020",77.88,83.5,77.25,81.74,49591095
"ABT","Week","Feb 28, 2020",85.45,85.67,74.02,77.03,45399717
"ABT","Week","Feb 21, 2020",89.42,89.93,87.16,87.45,17185662
"ABT","Week","Feb 14, 2020",87.21,89.71,87.21,89.66,18639493
"ABT","Week","Feb 7, 2020",87.78,90.08,86.75,87.87,20889394
"ABT","Week","Jan 31, 2020",89.11,90.23,86.9,87.14,24542463
"ABT","Week","Jan 24, 2020",88.86,92.45,88.61,90.4,28937541
"ABT","Week","Jan 17, 2020",85.5,89.2,84.01,89.,30615636
"ABT","Week","Jan 10, 2020",85.62,86.99,85.17,85.36,25849668
"ABT","Week","Jan 3, 2020",87.52,87.79,85.59,85.89,15112918
"ABT","Week","Dec 27, 2019",86.31,87.75,86.28,87.4,9677227
"ABT","Week","Dec 20, 2019",86.95,89.24,86.,86.66,31293549
"ABT","Week","Dec 13, 2019",85.12,86.71,83.76,86.35,19178910
"ABT","Week","Dec 6, 2019",85.57,85.91,83.27,85.48,18359889
"ABT","Week","Nov 29, 2019",83.91,85.97,83.88,85.45,19744866
"ABT","Week","Nov 22, 2019",85.71,85.9,82.36,83.74,24556923
"ABT","Week","Nov 15, 2019",83.31,85.71,83.27,85.71,20797550
"ABT","Week","Nov 8, 2019",83.04,83.89,80.9,83.74,27719224
"ABT","Week","Nov 1, 2019",81.8,84.35,81.76,82.66,22651593
"ABT","Week","Oct 25, 2019",83.14,83.28,80.41,81.65,24105469
"ABT","Week","Oct 18, 2019",79.69,83.69,79.42,82.79,30942337
"ABT","Week","Oct 11, 2019",81.4,81.98,78.51,79.63,22538383
"ABT","Week","Oct 4, 2019",82.19,84.77,78.77,81.99,22329094
"ABT","Week","Sep 27, 2019",83.43,84.03,81.42,81.84,16536176
"ABT","Week","Sep 20, 2019",83.91,84.5,82.85,83.58,21244348
"ABT","Week","Sep 13, 2019",86.34,86.43,81.02,84.27,21667684
"ABT","Week","Sep 6, 2019",84.43,86.43,83.26,86.04,16541332
"ABT","Week","Aug 30, 2019",82.61,85.62,82.02,85.32,19643612
"ABT","Week","Aug 23, 2019",85.79,86.13,81.36,81.93,21232686
"ABT","Week","Aug 16, 2019",86.39,87.1,83.52,84.78,23388562
"ABT","Week","Aug 9, 2019",84.73,87.05,82.31,86.62,27720940
"ABT","Week","Aug 2, 2019",88.06,88.73,84.74,85.82,24464156
"ABT","Week","Jul 26, 2019",87.36,88.76,87.27,87.75,23343416
"ABT","Week","Jul 19, 2019",83.81,88.32,82.9,87.49,32581640
"ABT","Week","Jul 12, 2019",85.28,85.99,83.06,83.92,20353894
"ABT","Week","Jul 5, 2019",84.74,85.65,83.75,85.42,14779205
"ABT","Week","Jun 28, 2019",84.78,85.45,82.63,84.1,35727025
"ABT","Week","Jun 21, 2019",82.39,85.36,81.67,85.,29754206
"ABT","Week","Jun 14, 2019",81.,82.86,80.44,82.22,21156603
"ABT","Week","Jun 7, 2019",76.25,81.16,75.44,80.74,28512196
"ABT","Week","May 31, 2019",77.03,77.98,74.94,76.13,19602989
"ABT","Week","May 24, 2019",75.6,77.07,75.2,76.98,21748733
"ABT","Week","May 17, 2019",75.17,77.37,74.96,75.97,26139199
"ABT","Week","May 10, 2019",77.42,79.17,74.54,76.45,21422378
"ABT","Week","May 3, 2019",78.56,79.69,77.58,78.69,27136513
"ABT","Week","Apr 26, 2019",73.13,78.57,73.,78.56,29171135
"ABT","Week","Apr 18, 2019",78.11,78.7,72.36,73.92,33247619
"ABT","Week","Apr 12, 2019",78.91,79.42,77.82,78.01,25534335
"ABT","Week","Apr 5, 2019",80.67,80.74,78.,79.,20639223
"ABT","Week","Mar 29, 2019",77.81,79.99,77.62,79.94,23109868
"ABT","Week","Mar 22, 2019",79.95,80.49,77.69,77.97,32540835
"ABT","Week","Mar 15, 2019",76.92,80.15,76.7,79.86,32699383
"ABT","Week","Mar 8, 2019",78.84,78.97,75.86,76.63,25880664
"ABT","Week","Mar 1, 2019",76.39,78.74,76.24,78.59,28864435
"ABT","Week","Feb 22, 2019",75.16,76.45,74.6,76.13,21723794
"ABT","Week","Feb 15, 2019",73.48,75.4,73.29,75.25,30466817
"ABT","Week","Feb 8, 2019",72.39,73.56,71.5,73.33,27360005
"ABT","Week","Feb 1, 2019",70.52,73.24,68.8,72.36,35507906
"ABT","Week","Jan 25, 2019",70.97,71.77,69.27,71.15,28002960
"ABT","Week","Jan 18, 2019",68.41,71.74,68.13,71.42,32619338
"ABT","Week","Jan 11, 2019",68.19,69.86,67.,69.33,39133293
"ABT","Week","Jan 4, 2019",71.57,72.76,65.5,68.11,33701754
"ABT","Week","Dec 28, 2018",66.82,72.05,65.44,71.09,24525285
"ABT","Week","Dec 21, 2018",70.38,71.47,66.99,67.27,48920086
"ABT","Week","Dec 14, 2018",70.04,73.86,68.79,70.76,32214548
"ABT","Week","Dec 7, 2018",74.29,74.92,69.19,69.95,32263610
"ABT","Week","Nov 30, 2018",68.73,74.23,68.38,74.05,35282377
"ABT","Week","Nov 23, 2018",72.,72.41,67.83,68.11,24498560
"ABT","Week","Nov 16, 2018",72.73,72.9,67.94,72.04,34953734
"ABT","Week","Nov 9, 2018",70.48,73.07,69.99,72.79,27563312
"ABT","Week","Nov 2, 2018",68.,71.38,66.39,70.19,34885439
"ABT","Week","Oct 26, 2018",67.74,69.2,65.78,66.99,39939118
"ABT","Week","Oct 19, 2018",69.34,71.18,67.23,67.59,43639075
"ABT","Week","Oct 12, 2018",71.58,72.39,67.65,69.33,43255592
"ABT","Week","Oct 5, 2018",73.81,74.15,71.04,71.58,32530979
"ABT","Week","Sep 28, 2018",70.79,73.58,70.32,73.36,39290038
"ABT","Week","Sep 21, 2018",68.42,69.25,67.51,69.05,27065659
"ABT","Week","Sep 14, 2018",66.45,68.82,66.11,68.42,20171470
"ABT","Week","Sep 7, 2018",66.74,67.11,65.22,66.21,22774545
"ABT","Week","Aug 31, 2018",66.45,67.36,66.33,66.84,22068660
"ABT","Week","Aug 24, 2018",65.,66.26,64.38,66.1,22584028
"ABT","Week","Aug 17, 2018",64.02,64.92,63.07,64.72,19862325
"ABT","Week","Aug 10, 2018",65.09,65.5,63.87,64.03,17542475
"ABT","Week","Aug 3, 2018",64.97,65.77,63.91,65.23,23322210
"ABT","Week","Jul 27, 2018",63.26,65.9,62.87,65.26,27395378
"ABT","Week","Jul 20, 2018",62.95,65.5,61.55,63.32,36935950
"ABT","Week","Jul 13, 2018",62.23,63.44,62.14,63.06,20095898
"ABT","Week","Jul 6, 2018",60.63,62.4,60.32,62.16,14323521
"ABT","Week","Jun 29, 2018",61.7,62.14,60.32,60.99,27026116
"ABT","Week","Jun 22, 2018",62.59,62.87,61.45,61.94,23162516
"ABT","Week","Jun 15, 2018",63.28,63.48,62.26,62.91,32237939
"ABT","Week","Jun 8, 2018",62.32,63.85,62.28,63.27,21106654
"ABT","Week","Jun 1, 2018",61.58,62.65,60.85,62.41,20839356
"ABT","Week","May 25, 2018",62.,62.72,60.96,62.37,25353414
"ABT","Week","May 18, 2018",61.5,62.17,60.32,61.71,27143351
"ABT","Week","May 11, 2018",58.99,61.3,58.24,61.26,27097119
"ABT","Week","May 4, 2018",59.76,59.8,56.81,58.74,28496589
"ABT","Week","Apr 27, 2018",59.28,59.69,57.67,59.56,29414564
"ABT","Week","Apr 20, 2018",59.,60.03,57.45,59.19,38603601
"ABT","Week","Apr 13, 2018",57.86,59.61,57.45,58.49,27797958
"ABT","Week","Apr 6, 2018",59.82,60.15,56.99,57.57,34296921
"ABT","Week","Mar 29, 2018",60.28,61.62,59.17,59.92,26845366
"ABT","Week","Mar 23, 2018",63.13,63.24,59.36,59.5,24053550
"ABT","Week","Mar 16, 2018",63.59,63.95,62.52,63.18,35655000
"ABT","Week","Mar 9, 2018",58.91,63.7,58.9,63.6,36777102
"ABT","Week","Mar 2, 2018",59.86,61.24,58.43,59.46,38128758
"ABT","Week","Feb 23, 2018",59.68,59.99,58.8,59.71,23706756
"ABT","Week","Feb 16, 2018",57.7,60.54,56.81,60.17,29500830
"ABT","Week","Feb 9, 2018",61.6,61.87,55.58,57.17,48538459
"ABT","Week","Feb 2, 2018",63.09,63.47,61.64,61.69,43388670
"ABT","Week","Jan 26, 2018",58.88,64.6,58.45,63.42,52173647
"ABT","Week","Jan 19, 2018",58.89,59.68,58.23,59.31,25234092
"ABT","Week","Jan 12, 2018",58.85,59.24,58.29,58.84,27782583
"ABT","Week","Jan 5, 2018",58.2,59.6,57.82,58.99,27874613
"ABT","Week","Dec 29, 2017",57.01,57.76,56.9,57.07,15814686
"ABT","Week","Dec 22, 2017",55.52,57.32,55.42,56.93,36723099
"ABT","Week","Dec 15, 2017",54.77,55.87,54.48,55.5,44686699
"ABT","Week","Dec 8, 2017",56.14,56.2,54.32,54.64,26264582
"ABT","Week","Dec 1, 2017",56.17,56.68,55.27,55.98,34046452
"ABT","Week","Nov 24, 2017",55.66,56.32,55.13,56.13,14012752
"ABT","Week","Nov 17, 2017",54.69,55.84,54.54,55.56,28185809
"ABT","Week","Nov 10, 2017",55.32,55.5,54.37,54.8,20368324
"ABT","Week","Nov 3, 2017",55.18,55.5,53.61,55.47,34380936
"ABT","Week","Oct 27, 2017",56.21,56.69,55.08,55.37,27781141
"ABT","Week","Oct 20, 2017",54.62,56.6,54.4,56.32,28597352
"ABT","Week","Oct 13, 2017",55.05,55.43,54.11,54.65,25225703
"ABT","Week","Oct 6, 2017",53.64,55.11,53.19,55.,28221774
"ABT","Week","Sep 29, 2017",52.46,54.8,51.55,53.36,48084478
"ABT","Week","Sep 22, 2017",51.89,52.58,51.37,52.51,25845554
"ABT","Week","Sep 15, 2017",52.35,52.6,51.49,51.76,23910551
"ABT","Week","Sep 8, 2017",50.84,52.15,50.64,52.02,22740611
"ABT","Week","Sep 1, 2017",49.54,51.41,49.49,51.18,23977944
"ABT","Week","Aug 25, 2017",48.78,49.85,48.58,49.35,21583959
"ABT","Week","Aug 18, 2017",48.74,50.15,48.68,48.74,24106589
"ABT","Week","Aug 11, 2017",49.26,49.38,48.05,48.54,19023069
"ABT","Week","Aug 4, 2017",49.76,49.84,48.72,49.26,23676477
"ABT","Week","Jul 28, 2017",50.81,51.,49.51,49.61,33393434
"ABT","Week","Jul 21, 2017",48.91,51.13,48.28,50.84,34318476
"ABT","Week","Jul 14, 2017",48.42,49.1,47.83,48.91,22599421
"ABT","Week","Jul 7, 2017",48.73,49.1,47.9,48.44,18111597
"ABT","Week","Jun 30, 2017",49.21,49.45,48.35,48.61,28333930
"ABT","Week","Jun 23, 2017",48.34,49.59,48.15,49.08,42239872
"ABT","Week","Jun 16, 2017",47.29,48.38,46.83,48.21,39875037
"ABT","Week","Jun 9, 2017",46.57,47.31,45.92,47.29,35699526
"ABT","Week","Jun 2, 2017",44.46,46.55,44.21,46.5,32840687
"ABT","Week","May 26, 2017",43.27,44.85,43.1,44.71,28164268
"ABT","Week","May 19, 2017",43.92,44.59,42.88,43.16,28480277
"ABT","Week","May 12, 2017",44.7,44.9,43.78,43.96,29363838
"ABT","Week","May 5, 2017",43.57,44.69,43.32,44.64,28309529
"ABT","Week","Apr 28, 2017",44.07,44.39,43.5,43.64,32612826
"ABT","Week","Apr 21, 2017",42.67,44.15,42.31,43.53,45046009
"ABT","Week","Apr 13, 2017",43.62,43.96,42.39,42.67,25399091
"ABT","Week","Apr 7, 2017",44.42,44.61,43.35,43.83,32512393
"ABT","Week","Mar 31, 2017",44.53,44.83,44.26,44.41,28037138
"ABT","Week","Mar 24, 2017",45.19,45.38,44.59,44.73,22993929
"ABT","Week","Mar 17, 2017",45.65,45.78,44.62,45.19,40371095
"ABT","Week","Mar 10, 2017",44.99,45.84,44.67,45.72,30673406
"ABT","Week","Mar 3, 2017",45.51,45.83,44.83,45.25,47195714
"ABT","Week","Feb 24, 2017",44.65,45.68,44.54,45.68,35990473
"ABT","Week","Feb 17, 2017",43.,44.7,42.86,44.69,40685120
"ABT","Week","Feb 10, 2017",42.57,42.98,42.23,42.74,32994606
"ABT","Week","Feb 3, 2017",40.86,43.13,40.6,42.78,61557692
"ABT","Week","Jan 27, 2017",40.32,41.31,39.25,41.,48459636
"ABT","Week","Jan 20, 2017",40.67,41.1,40.24,40.46,28536103
"ABT","Week","Jan 13, 2017",40.79,41.62,40.31,40.93,49115374
"ABT","Week","Jan 6, 2017",38.63,40.99,38.34,40.78,59030916
"ABT","Week","Dec 30, 2016",38.48,38.94,38.08,38.41,30958650
"ABT","Week","Dec 23, 2016",38.23,38.65,37.9,38.42,38943874
"ABT","Week","Dec 16, 2016",39.2,39.79,37.98,38.1,50876483
"ABT","Week","Dec 9, 2016",38.11,39.34,37.42,39.2,41388786
"ABT","Week","Dec 2, 2016",39.22,39.22,37.38,37.9,44244354
"ABT","Week","Nov 25, 2016",39.85,40.13,37.81,39.16,37160865
"ABT","Week","Nov 18, 2016",40.11,40.5,39.05,39.84,42949856
"ABT","Week","Nov 11, 2016",39.64,41.53,39.17,40.14,41661606
"ABT","Week","Nov 4, 2016",39.43,39.54,38.3,39.09,38921261
"ABT","Week","Oct 28, 2016",40.79,40.92,39.51,39.54,39897316
"ABT","Week","Oct 21, 2016",40.73,41.41,39.94,40.5,52159966
"ABT","Week","Oct 14, 2016",43.15,43.78,40.41,40.79,53948726
"ABT","Week","Oct 7, 2016",42.06,43.19,41.86,42.97,33536827
"ABT","Week","Sep 30, 2016",42.01,42.53,41.26,42.29,31808108
"ABT","Week","Sep 23, 2016",42.04,42.49,41.26,42.19,30622909
"ABT","Week","Sep 16, 2016",40.85,42.03,40.48,41.87,44287717
"ABT","Week","Sep 9, 2016",42.1,42.32,41.,41.01,36814936
"ABT","Week","Sep 2, 2016",43.,43.57,41.74,42.09,51792671
"ABT","Week","Aug 26, 2016",44.08,44.42,42.09,42.98,78737472
"ABT","Week","Aug 19, 2016",45.2,45.23,43.65,44.24,38729209
"ABT","Week","Aug 12, 2016",45.06,45.41,44.55,45.04,32612764
"ABT","Week","Aug 5, 2016",44.75,45.79,44.72,45.26,43427135
"ABT","Week","Jul 29, 2016",43.08,45.16,43.06,44.75,67086825
"ABT","Week","Jul 22, 2016",42.05,43.42,41.6,43.17,51370011
"ABT","Week","Jul 15, 2016",42.03,42.65,41.85,42.1,41947500
"ABT","Week","Jul 8, 2016",39.31,42.27,39.21,41.89,51902611
"ABT","Week","Jul 1, 2016",37.51,39.71,36.76,39.54,46890741
"ABT","Week","Jun 24, 2016",37.88,39.63,37.7,37.91,54697019
"ABT","Week","Jun 17, 2016",38.32,38.56,36.88,37.39,48605595
"ABT","Week","Jun 10, 2016",39.25,39.38,38.23,38.4,46512899
"ABT","Week","Jun 3, 2016",39.33,39.67,39.02,39.18,51041693
"ABT","Week","May 27, 2016",37.72,39.4,37.27,39.3,56731673
"ABT","Week","May 20, 2016",37.6,38.41,36.89,37.6,45205922
"ABT","Week","May 13, 2016",38.11,38.58,37.47,37.6,52716075
"ABT","Week","May 6, 2016",38.85,39.12,37.71,37.97,81440183
"ABT","Week","Apr 29, 2016",44.01,44.25,38.58,38.9,97719813
"ABT","Week","Apr 22, 2016",43.18,44.58,43.18,44.08,31612807
"ABT","Week","Apr 15, 2016",42.47,43.66,42.36,43.41,19928742
"ABT","Week","Apr 8, 2016",42.34,43.16,41.89,42.37,27072993
"ABT","Week","Apr 1, 2016",40.77,42.26,40.61,42.19,20029508
"ABT","Week","Mar 24, 2016",40.58,41.34,40.34,40.75,19056083
"ABT","Week","Mar 18, 2016",40.31,40.94,39.53,40.79,32644442
"ABT","Week","Mar 11, 2016",39.,40.45,38.82,40.37,40359446
"ABT","Week","Mar 4, 2016",39.34,39.84,38.09,39.18,46590780
"ABT","Week","Feb 26, 2016",39.,39.88,37.97,39.52,34495219
"ABT","Week","Feb 19, 2016",37.13,38.89,37.12,38.53,25672593
"ABT","Week","Feb 12, 2016",37.19,38.18,36.02,37.13,38552018
"ABT","Week","Feb 5, 2016",36.17,38.73,36.17,37.41,41652911
"ABT","Week","Jan 29, 2016",40.03,41.49,36.,37.85,60864427
"ABT","Week","Jan 22, 2016",41.1,41.32,39.08,40.03,38221371
"ABT","Week","Jan 15, 2016",40.77,41.69,39.75,40.54,38715054
"ABT","Week","Jan 8, 2016",43.94,44.05,40.54,40.67,41007742
"ABT","Week","Dec 31, 2015",44.92,46.03,44.82,44.91,15918509
"ABT","Week","Dec 24, 2015",44.05,45.3,43.56,45.1,15636475
"ABT","Week","Dec 18, 2015",44.45,46.22,43.7,43.7,38414478
"ABT","Week","Dec 11, 2015",45.57,45.75,44.29,44.36,26492882
"ABT","Week","Dec 4, 2015",45.44,45.72,44.01,45.3,31557219
"ABT","Week","Nov 27, 2015",46.03,46.1,45.03,45.42,13991173
"ABT","Week","Nov 20, 2015",43.9,46.38,43.8,46.01,31819251
"ABT","Week","Nov 13, 2015",45.47,45.87,43.45,43.96,28581902
"ABT","Week","Nov 6, 2015",44.88,45.72,44.6,45.63,27611799
"ABT","Week","Oct 30, 2015",43.58,45.34,43.42,44.8,32948426
"ABT","Week","Oct 23, 2015",42.11,43.86,41.57,43.6,42333192
"ABT","Week","Oct 16, 2015",41.63,42.27,40.66,42.22,31997388
"ABT","Week","Oct 9, 2015",41.62,41.98,39.28,41.89,50359064
"ABT","Week","Oct 2, 2015",40.74,41.41,39.,41.38,56611556
"ABT","Week","Sep 25, 2015",43.65,43.82,40.42,40.86,35963000
"ABT","Week","Sep 18, 2015",43.6,45.15,42.9,43.33,30936690
"ABT","Week","Sep 11, 2015",43.66,44.51,42.68,43.41,23355613
"ABT","Week","Sep 4, 2015",45.91,46.63,42.72,43.07,37471856
"ABT","Week","Aug 28, 2015",44.51,46.11,42.3,46.02,69133462
"ABT","Week","Aug 21, 2015",50.01,50.6,47.13,47.13,27788684
"ABT","Week","Aug 14, 2015",50.42,51.17,49.22,50.23,21149868
"ABT","Week","Aug 7, 2015",50.89,51.01,49.37,50.11,22592099
"ABT","Week","Jul 31, 2015",50.64,51.24,50.21,50.69,23988264
"ABT","Week","Jul 24, 2015",50.01,51.74,49.26,51.05,34289988
"ABT","Week","Jul 17, 2015",50.,50.38,49.14,49.9,25624580
"ABT","Week","Jul 10, 2015",49.02,50.24,48.92,49.93,28325780
"ABT","Week","Jul 2, 2015",49.54,49.85,48.91,49.41,15997472
"ABT","Week","Jun 26, 2015",49.96,50.47,49.27,49.97,22846236
"ABT","Week","Jun 19, 2015",48.3,50.16,47.72,49.89,29790232
"ABT","Week","Jun 12, 2015",48.37,49.25,48.01,48.67,24163213
"ABT","Week","Jun 5, 2015",48.77,49.2,48.01,48.45,21732229
"ABT","Week","May 29, 2015",49.1,49.38,48.39,48.6,22875923
"ABT","Week","May 22, 2015",48.78,49.43,48.67,49.03,19689901
"ABT","Week","May 15, 2015",47.28,48.84,46.88,48.71,23128280
"ABT","Week","May 8, 2015",46.78,47.7,46.23,47.57,20122589
"ABT","Week","May 1, 2015",48.28,48.4,46.26,46.69,21983203
"ABT","Week","Apr 24, 2015",46.42,48.62,46.37,48.32,29479201
"ABT","Week","Apr 17, 2015",46.78,47.11,45.81,46.25,18435976
"ABT","Week","Apr 10, 2015",45.8,47.19,45.65,47.15,21353696
"ABT","Week","Apr 2, 2015",47.,47.21,45.54,46.13,18668319
"ABT","Week","Mar 27, 2015",47.47,47.73,46.1,46.78,21399706
"ABT","Week","Mar 20, 2015",47.12,47.85,46.39,47.47,28605942
"ABT","Week","Mar 13, 2015",46.5,47.31,46.16,46.88,24555967
"ABT","Week","Mar 6, 2015",47.34,47.63,46.35,46.5,30701191
"ABT","Week","Feb 27, 2015",47.33,47.88,47.02,47.37,26093512
"ABT","Week","Feb 20, 2015",46.05,47.57,46.,47.48,23520734
"ABT","Week","Feb 13, 2015",45.21,46.17,44.3,46.09,27308179
"ABT","Week","Feb 6, 2015",44.93,46.21,44.28,45.5,35900665
"ABT","Week","Jan 30, 2015",43.74,45.63,43.35,44.76,36533123
"ABT","Week","Jan 23, 2015",44.67,44.75,43.62,43.86,22485382
"ABT","Week","Jan 16, 2015",45.38,45.76,43.72,44.49,27274227
"ABT","Week","Jan 9, 2015",44.8,45.87,43.93,45.2,26568146
"ABT","Week","Jan 2, 2015",45.59,46.05,44.63,44.9,12173784
"ABT","Week","Dec 26, 2014",45.93,46.5,45.47,45.85,13501013
"ABT","Week","Dec 19, 2014",44.16,46.45,43.1,46.05,34266022
"ABT","Week","Dec 12, 2014",45.35,46.1,43.67,43.69,22413821
"ABT","Week","Dec 5, 2014",44.27,45.95,44.19,45.3,31840146
"ABT","Week","Nov 28, 2014",43.59,44.76,43.59,44.51,13767316
"ABT","Week","Nov 21, 2014",43.71,44.19,43.05,43.81,25722851
"ABT","Week","Nov 14, 2014",43.35,44.77,43.17,43.81,19692192
"ABT","Week","Nov 7, 2014",43.56,43.99,43.02,43.37,20547690
"ABT","Week","Oct 31, 2014",42.43,44.06,41.95,43.59,24256898
"ABT","Week","Oct 24, 2014",40.85,43.03,40.67,42.46,26629760
"ABT","Week","Oct 17, 2014",41.47,41.94,39.28,40.86,36643119
"ABT","Week","Oct 10, 2014",42.04,42.54,41.35,41.54,28452772
"ABT","Week","Oct 3, 2014",41.67,42.06,40.91,41.79,23467712
"ABT","Week","Sep 26, 2014",43.59,43.67,41.91,42.01,26923057
"ABT","Week","Sep 19, 2014",42.61,44.2,42.44,43.59,22208850
"ABT","Week","Sep 12, 2014",42.88,43.08,42.38,42.55,21708142
"ABT","Week","Sep 5, 2014",42.17,43.08,41.94,42.95,16051885
"ABT","Week","Aug 29, 2014",42.41,42.93,42.06,42.24,15368909
"ABT","Week","Aug 22, 2014",42.62,42.62,41.96,42.11,16674944
"ABT","Week","Aug 15, 2014",41.92,42.65,41.42,42.06,19121091
"ABT","Week","Aug 8, 2014",42.12,42.5,41.15,41.69,19987856
"ABT","Week","Aug 1, 2014",42.95,43.09,41.81,42.03,20153116
"ABT","Week","Jul 25, 2014",42.5,43.27,42.26,43.04,29528966
"ABT","Week","Jul 18, 2014",41.95,42.99,41.,42.73,44988259
"ABT","Week","Jul 11, 2014",41.68,41.82,40.92,41.3,22313559
"ABT","Week","Jul 3, 2014",40.67,41.96,40.6,41.89,20949434
"ABT","Week","Jun 27, 2014",40.97,41.12,40.21,40.54,27839619
"ABT","Week","Jun 20, 2014",39.83,41.3,39.59,40.85,34324225
"ABT","Week","Jun 13, 2014",39.94,40.56,39.66,39.79,24919627
"ABT","Week","Jun 6, 2014",40.02,40.25,39.6,40.05,18165226
"ABT","Week","May 30, 2014",39.52,40.13,39.36,40.01,17516397
"ABT","Week","May 23, 2014",39.62,39.94,39.24,39.6,23578800
"ABT","Week","May 16, 2014",39.07,40.12,38.84,39.06,37307783
"ABT","Week","May 9, 2014",38.27,39.13,38.25,38.99,25732035
"ABT","Week","May 2, 2014",38.28,38.94,37.78,38.56,22616306
"ABT","Week","Apr 25, 2014",38.87,38.99,37.89,38.03,25351489
"ABT","Week","Apr 17, 2014",37.18,39.01,37.11,38.93,44231207
"ABT","Week","Apr 11, 2014",38.56,38.84,36.65,37.02,49428052
"ABT","Week","Apr 4, 2014",38.48,39.5,38.07,38.63,33409279
"ABT","Week","Mar 28, 2014",38.66,39.14,38.08,38.31,41117855
"ABT","Week","Mar 21, 2014",39.05,40.22,38.36,38.39,53042047
"ABT","Week","Mar 14, 2014",39.5,40.16,38.91,38.97,32327445
"ABT","Week","Mar 7, 2014",39.5,40.49,38.83,39.57,43824486
"ABT","Week","Feb 28, 2014",38.87,39.98,38.82,39.78,42694681
"ABT","Week","Feb 21, 2014",38.96,39.45,38.53,38.82,30834351
"ABT","Week","Feb 14, 2014",37.17,38.98,36.96,38.81,43169249
"ABT","Week","Feb 7, 2014",36.58,37.21,35.8,37.18,50094015
"ABT","Week","Jan 31, 2014",36.68,36.89,35.65,36.66,47567782
"ABT","Week","Jan 24, 2014",39.52,39.57,36.57,36.58,40612521
"ABT","Week","Jan 17, 2014",39.11,39.86,39.06,39.4,34977507
"ABT","Week","Jan 10, 2014",39.19,39.69,38.72,39.57,35958272
"ABT","Week","Jan 3, 2014",38.48,38.78,38.,38.64,16944944
"ABT","Week","Dec 27, 2013",37.97,38.55,37.95,38.37,14884582
"ABT","Week","Dec 20, 2013",36.45,38.24,36.31,37.84,41069138
"ABT","Week","Dec 13, 2013",37.57,37.58,36.27,36.4,27622362
"ABT","Week","Dec 6, 2013",38.24,38.31,36.89,37.53,27877733
"ABT","Week","Nov 29, 2013",38.38,38.74,37.9,38.19,17446390
"ABT","Week","Nov 22, 2013",38.04,38.81,37.87,38.25,30413141
"ABT","Week","Nov 15, 2013",38.17,38.46,37.17,38.05,29901721
"ABT","Week","Nov 8, 2013",36.98,38.14,36.67,38.12,39993364
"ABT","Week","Nov 1, 2013",37.33,37.46,36.55,36.96,28765418
"ABT","Week","Oct 25, 2013",37.17,37.62,36.72,37.25,37583155
"ABT","Week","Oct 18, 2013",33.51,37.29,33.38,37.29,63941908
"ABT","Week","Oct 11, 2013",33.22,33.9,32.75,33.76,34638481
"ABT","Week","Oct 4, 2013",33.05,33.92,33.02,33.56,40688382
"ABT","Week","Sep 27, 2013",35.25,35.26,33.05,33.14,61607785
"ABT","Week","Sep 20, 2013",35.1,35.72,34.82,35.29,31665080
"ABT","Week","Sep 13, 2013",33.5,34.95,33.46,34.87,34491721
"ABT","Week","Sep 6, 2013",33.68,33.78,32.7,33.5,38890568
"ABT","Week","Aug 30, 2013",34.83,34.9,33.23,33.33,28985610
"ABT","Week","Aug 23, 2013",34.85,34.96,34.43,34.84,23737336
"ABT","Week","Aug 16, 2013",35.79,36.03,34.55,34.97,31593671
"ABT","Week","Aug 9, 2013",36.64,36.78,35.66,35.89,33077159
"ABT","Week","Aug 2, 2013",36.62,37.16,36.5,36.75,35175838
"ABT","Week","Jul 26, 2013",35.76,36.85,35.58,36.78,32829133
"ABT","Week","Jul 19, 2013",35.23,36.48,35.15,35.87,36999049
"ABT","Week","Jul 12, 2013",34.95,35.57,34.71,35.32,42184909
"ABT","Week","Jul 5, 2013",34.97,35.47,33.72,34.92,25188742
"ABT","Week","Jun 28, 2013",35.29,35.82,34.69,34.88,46431751
"ABT","Week","Jun 21, 2013",37.07,37.64,35.07,35.58,37105301
"ABT","Week","Jun 14, 2013",37.47,37.58,36.12,36.81,26719782
"ABT","Week","Jun 7, 2013",36.63,37.55,36.03,37.51,36616260
"ABT","Week","May 31, 2013",37.98,38.64,36.62,36.67,36471482
"ABT","Week","May 24, 2013",36.95,38.77,36.87,37.76,38353608
"ABT","Week","May 17, 2013",36.05,37.7,36.04,36.59,33568588
"ABT","Week","May 10, 2013",36.75,36.78,35.58,36.17,35250341
"ABT","Week","May 3, 2013",36.49,37.25,36.4,36.8,24564735
"ABT","Week","Apr 26, 2013",37.,37.35,36.25,36.46,27537232
"ABT","Week","Apr 19, 2013",36.84,37.48,35.9,37.2,44875297
"ABT","Week","Apr 12, 2013",36.31,37.55,35.93,37.13,29905444
"ABT","Week","Apr 5, 2013",35.18,36.89,34.95,36.31,43094943
"ABT","Week","Mar 28, 2013",33.76,35.34,33.57,35.32,32984842
"ABT","Week","Mar 22, 2013",33.94,34.01,33.27,33.69,34058896
"ABT","Week","Mar 15, 2013",34.59,35.14,34.13,34.14,34847114
"ABT","Week","Mar 8, 2013",33.51,34.7,33.4,34.68,31497855
"ABT","Week","Mar 1, 2013",34.6,34.84,33.55,33.6,57926354
"ABT","Week","Feb 22, 2013",35.18,35.29,34.01,34.55,31875482
"ABT","Week","Feb 15, 2013",34.42,35.1,34.21,35.08,40266262
"ABT","Week","Feb 8, 2013",33.37,34.66,33.37,34.41,64280414
"ABT","Week","Feb 1, 2013",32.81,34.12,32.75,33.87,90946872
"ABT","Week","Jan 25, 2013",32.78,33.15,32.55,32.79,66369518
"ABT","Week","Jan 18, 2013",33.48,33.57,32.6,32.74,72420155
"ABT","Week","Jan 11, 2013",33.02,33.94,32.85,33.37,57714277
"ABT","Week","Jan 4, 2013",30.68,33.43,30.63,33.07,67364801
"ABT","Week","Dec 28, 2012",31.6,31.6,30.8,30.82,17220335
"ABT","Week","Dec 21, 2012",31.38,31.63,30.97,31.6,47352390
"ABT","Week","Dec 14, 2012",31.13,31.99,30.97,31.27,37671363
"ABT","Week","Dec 7, 2012",31.14,31.4,30.65,31.35,31354836
"ABT","Week","Nov 30, 2012",30.66,31.29,30.39,31.1,26310445
"ABT","Week","Nov 23, 2012",30.26,30.86,29.96,30.85,24209679
"ABT","Week","Nov 16, 2012",31.09,31.28,30.03,30.09,34066909
"ABT","Week","Nov 9, 2012",31.,31.24,30.34,31.02,39280205
"ABT","Week","Nov 2, 2012",31.49,31.71,31.05,31.08,20510537
"ABT","Week","Oct 26, 2012",31.42,31.72,30.97,31.33,45580634
"ABT","Week","Oct 19, 2012",33.25,34.67,30.87,31.65,89423864
"ABT","Week","Oct 12, 2012",34.2,34.24,33.11,33.15,25297987
"ABT","Week","Oct 5, 2012",32.77,34.41,32.68,34.26,34996125
"ABT","Week","Sep 28, 2012",33.3,33.69,32.73,32.8,32641835
"ABT","Week","Sep 21, 2012",32.61,33.49,32.61,33.31,32273065
"ABT","Week","Sep 14, 2012",31.96,33.14,31.9,32.67,30985732
"ABT","Week","Sep 7, 2012",31.23,32.17,30.9,31.91,18515625
"ABT","Week","Aug 31, 2012",31.48,31.58,31.13,31.36,15598710
"ABT","Week","Aug 24, 2012",31.57,31.63,31.14,31.5,18039203
"ABT","Week","Aug 17, 2012",31.51,31.9,31.43,31.54,15654859
"ABT","Week","Aug 10, 2012",31.91,31.98,31.37,31.63,18584080
"ABT","Week","Aug 3, 2012",31.66,32.27,31.41,31.86,29837745
"ABT","Week","Jul 27, 2012",30.58,31.96,30.39,31.77,31287889
"ABT","Week","Jul 20, 2012",31.22,31.96,31.05,31.13,29799673
"ABT","Week","Jul 13, 2012",31.02,31.72,30.96,31.32,54043052
"ABT","Week","Jul 6, 2012",30.73,31.1,30.62,30.98,50057182
"ABT","Week","Jun 29, 2012",29.63,30.85,29.48,30.85,29539971
"ABT","Week","Jun 22, 2012",29.9,30.2,29.72,29.82,26356772
"ABT","Week","Jun 15, 2012",29.7,30.04,29.28,29.9,27205784
"ABT","Week","Jun 8, 2012",28.97,29.62,28.45,29.61,36092828
"ABT","Week","Jun 1, 2012",29.88,29.93,28.88,28.96,24722164
"ABT","Week","May 25, 2012",29.47,30.07,29.21,29.78,31356586
"ABT","Week","May 18, 2012",29.41,30.05,29.39,29.46,31284055
"ABT","Week","May 11, 2012",29.62,30.02,29.26,29.68,39666094
"ABT","Week","May 4, 2012",29.54,30.24,29.45,29.86,36192918
"ABT","Week","Apr 27, 2012",28.49,29.78,28.4,29.66,36835511
"ABT","Week","Apr 20, 2012",28.57,29.22,28.25,28.65,39155031
"ABT","Week","Apr 13, 2012",29.1,29.35,28.41,28.51,33117021
"ABT","Week","Apr 5, 2012",29.25,29.94,29.07,29.33,34844645
"ABT","Week","Mar 30, 2012",29.,29.42,28.99,29.33,35045699
"ABT","Week","Mar 23, 2012",28.56,28.98,28.56,28.9,37462460
"ABT","Week","Mar 16, 2012",27.66,28.57,27.66,28.43,42536013
"ABT","Week","Mar 9, 2012",27.4,27.75,26.75,27.73,39991623
"ABT","Week","Mar 2, 2012",26.98,27.52,26.85,27.46,30720419
"ABT","Week","Feb 24, 2012",26.98,27.15,26.78,27.13,24507141
"ABT","Week","Feb 17, 2012",26.4,27.02,26.19,26.97,30525104
"ABT","Week","Feb 10, 2012",26.19,26.73,26.16,26.37,30411650
"ABT","Week","Feb 3, 2012",26.14,26.38,25.82,26.32,53222985
"ABT","Week","Jan 27, 2012",26.73,26.79,26.15,26.33,39286163
"ABT","Week","Jan 20, 2012",26.75,26.91,26.34,26.68,29436731
"ABT","Week","Jan 13, 2012",26.79,26.92,26.29,26.52,31903311
"ABT","Week","Jan 6, 2012",27.07,27.2,26.7,26.73,26950120
"ABT","Week","Dec 30, 2011",26.71,27.,26.68,26.9,16076075
"ABT","Week","Dec 23, 2011",26.23,26.81,25.91,26.8,38536168
"ABT","Week","Dec 16, 2011",25.95,26.3,25.74,26.26,37415035
"ABT","Week","Dec 9, 2011",26.05,26.26,25.83,26.11,31235020
"ABT","Week","Dec 2, 2011",25.21,26.23,25.19,25.91,34930898
"ABT","Week","Nov 25, 2011",25.24,25.5,24.9,24.9,19554740
"ABT","Week","Nov 18, 2011",26.09,26.21,25.31,25.61,28332065
"ABT","Week","Nov 11, 2011",25.42,26.12,25.19,26.09,29444839
"ABT","Week","Nov 4, 2011",25.62,26.03,25.2,25.52,35266110
"ABT","Week","Oct 28, 2011",25.63,26.03,25.33,25.94,46310341
"ABT","Week","Oct 21, 2011",25.08,26.61,24.66,25.77,82065665
"ABT","Week","Oct 14, 2011",24.98,25.3,24.79,25.23,49951904
"ABT","Week","Oct 7, 2011",24.35,24.88,23.43,24.66,83440660
"ABT","Week","Sep 30, 2011",24.47,25.02,24.02,24.47,39467310
"ABT","Week","Sep 23, 2011",24.6,25.49,23.9,24.38,44782817
"ABT","Week","Sep 16, 2011",23.95,24.97,23.75,24.96,36716173
"ABT","Week","Sep 9, 2011",23.8,25.1,23.64,24.13,32044588
"ABT","Week","Sep 2, 2011",24.2,25.32,24.13,24.42,34453526
"ABT","Week","Aug 26, 2011",23.87,24.52,23.27,24.,37288479
"ABT","Week","Aug 19, 2011",23.93,24.17,23.07,23.48,38411322
"ABT","Week","Aug 12, 2011",23.59,23.99,22.15,23.75,75854194
"ABT","Week","Aug 5, 2011",24.7,24.7,23.18,24.03,61800009
"ABT","Week","Jul 29, 2011",25.22,25.45,24.48,24.56,32923720
"ABT","Week","Jul 22, 2011",25.33,25.47,24.84,25.34,32195611
"ABT","Week","Jul 15, 2011",25.33,25.62,25.17,25.38,31524686
"ABT","Week","Jul 8, 2011",25.41,25.65,25.33,25.52,18692691
"ABT","Week","Jul 1, 2011",24.8,25.41,24.71,25.41,26426049
"ABT","Week","Jun 24, 2011",24.73,25.11,24.5,24.76,27613237
"ABT","Week","Jun 17, 2011",24.52,24.99,24.42,24.73,38359923
"ABT","Week","Jun 10, 2011",24.45,24.93,24.34,24.35,33278999
"ABT","Week","Jun 3, 2011",24.84,25.11,24.22,24.44,33371317
"ABT","Week","May 27, 2011",25.34,25.62,24.58,24.67,44268967
"ABT","Week","May 20, 2011",25.59,25.93,25.33,25.6,34688937
"ABT","Week","May 13, 2011",25.12,25.95,25.,25.59,33494440
"ABT","Week","May 6, 2011",24.99,25.36,24.93,25.13,37118908
"ABT","Week","Apr 29, 2011",24.64,25.06,24.26,24.9,33783470
"ABT","Week","Apr 21, 2011",24.68,25.34,23.95,24.78,50167491
"ABT","Week","Apr 15, 2011",24.16,24.87,24.06,24.83,45759350
"ABT","Week","Apr 8, 2011",23.92,24.27,23.8,24.16,36974920
"ABT","Week","Apr 1, 2011",23.03,23.66,22.92,23.62,37518962
"ABT","Week","Mar 25, 2011",23.03,23.08,22.62,22.98,33941038
"ABT","Week","Mar 18, 2011",23.11,23.13,22.25,22.92,47422871
"ABT","Week","Mar 11, 2011",23.4,23.51,22.98,23.19,35534468
"ABT","Week","Mar 4, 2011",22.9,23.42,22.57,23.3,48020473
"ABT","Week","Feb 25, 2011",22.23,22.84,22.17,22.79,46259182
"ABT","Week","Feb 18, 2011",21.88,22.44,21.82,22.43,46354964
"ABT","Week","Feb 11, 2011",22.09,22.09,21.67,21.8,44704791
"ABT","Week","Feb 4, 2011",21.94,22.11,21.56,22.07,60735217
"ABT","Week","Jan 28, 2011",22.92,23.06,21.69,21.77,73001230
"ABT","Week","Jan 21, 2011",22.42,23.05,22.31,22.93,40080623
"ABT","Week","Jan 14, 2011",23.11,23.18,22.38,22.44,49216313
"ABT","Week","Jan 7, 2011",23.11,23.36,22.86,23.14,57720671
"ABT","Week","Dec 31, 2010",22.87,23.05,22.6,22.92,28871498
"ABT","Week","Dec 23, 2010",23.23,23.34,22.83,22.88,26176323
"ABT","Week","Dec 17, 2010",22.81,23.26,22.55,23.16,44311333
"ABT","Week","Dec 10, 2010",22.73,22.81,22.2,22.78,47850561
"ABT","Week","Dec 3, 2010",22.37,22.8,22.02,22.67,45223081
"ABT","Week","Nov 26, 2010",22.75,22.76,22.35,22.39,28655070
"ABT","Week","Nov 19, 2010",23.39,23.56,22.58,22.68,55223137
"ABT","Week","Nov 12, 2010",24.37,24.37,23.2,23.24,44474643
"ABT","Week","Nov 5, 2010",24.68,24.71,24.08,24.36,39095777
"ABT","Week","Oct 29, 2010",25.29,25.47,24.37,24.56,36818382
"ABT","Week","Oct 22, 2010",25.45,25.68,24.72,25.15,35339679
"ABT","Week","Oct 15, 2010",25.31,25.72,25.16,25.44,41704031
"ABT","Week","Oct 8, 2010",25.15,25.47,24.96,25.27,47984516
"ABT","Week","Oct 1, 2010",24.86,25.29,24.78,25.16,26127755
"ABT","Week","Sep 24, 2010",24.69,25.09,24.64,24.85,27113076
"ABT","Week","Sep 17, 2010",24.78,24.85,24.4,24.71,27814078
"ABT","Week","Sep 10, 2010",24.16,24.68,24.09,24.66,19883728
"ABT","Week","Sep 3, 2010",23.87,24.4,23.45,24.28,28003902
"ABT","Week","Aug 27, 2010",23.71,24.01,23.45,23.85,33737523
"ABT","Week","Aug 20, 2010",23.95,24.35,23.41,23.61,33604738
"ABT","Week","Aug 13, 2010",24.23,24.74,23.79,23.95,29293745
"ABT","Week","Aug 6, 2010",23.78,24.25,23.74,24.2,36648927
"ABT","Week","Jul 30, 2010",23.36,23.81,23.11,23.48,34077937
"ABT","Week","Jul 23, 2010",22.68,23.7,21.34,23.41,45778182
"ABT","Week","Jul 16, 2010",23.01,23.03,22.5,22.52,33155258
"ABT","Week","Jul 9, 2010",22.38,23.04,22.16,22.98,31270442
"ABT","Week","Jul 2, 2010",22.61,22.78,21.87,22.23,38357015
"ABT","Week","Jun 25, 2010",23.52,23.56,22.54,22.58,40846419
"ABT","Week","Jun 18, 2010",22.7,23.45,22.62,23.34,42609528
"ABT","Week","Jun 11, 2010",22.17,22.71,21.85,22.58,44094730
"ABT","Week","Jun 4, 2010",22.7,22.88,22.19,22.26,32378314
"ABT","Week","May 28, 2010",22.51,23.24,22.16,22.76,56987466
"ABT","Week","May 21, 2010",23.24,23.41,21.66,22.46,50994830
"ABT","Week","May 14, 2010",23.83,24.03,22.86,23.21,46876401
"ABT","Week","May 7, 2010",24.62,24.68,21.82,23.31,54501197
"ABT","Week","Apr 30, 2010",24.44,24.77,23.64,24.48,49168647
"ABT","Week","Apr 23, 2010",25.,25.48,24.05,24.5,45282781
"ABT","Week","Apr 16, 2010",25.36,25.36,24.85,25.,37669828
"ABT","Week","Apr 9, 2010",25.35,25.48,24.98,25.23,35294227
"ABT","Week","Apr 1, 2010",25.4,25.48,24.98,25.34,37792927
"ABT","Week","Mar 26, 2010",25.55,26.02,25.09,25.31,39024360
"ABT","Week","Mar 19, 2010",26.03,26.31,25.45,25.58,52428722
"ABT","Week","Mar 12, 2010",26.01,26.58,25.7,26.09,40309301
"ABT","Week","Mar 5, 2010",26.01,26.24,25.79,25.99,29962529
"ABT","Week","Feb 26, 2010",26.07,26.1,25.65,25.97,32174115
"ABT","Week","Feb 19, 2010",25.95,26.32,25.73,26.02,28940735
"ABT","Week","Feb 12, 2010",25.77,25.84,25.2,25.8,40567066
"ABT","Week","Feb 5, 2010",25.41,26.21,25.4,25.82,43885571
"ABT","Week","Jan 29, 2010",26.2,26.56,25.31,25.33,39212331
"ABT","Week","Jan 22, 2010",26.58,27.17,26.03,26.08,30064986
"ABT","Week","Jan 15, 2010",26.46,26.61,26.24,26.55,27608035
"ABT","Week","Jan 8, 2010",25.93,26.44,25.72,26.34,27731780
